timestamp,resolver,total,success_rate,error_rate,timeout_rate,servfail_rate
2025-03-06T22:50:54.973693,vpsat.schmaller.de,9,0.0,1.0,0.0,0.0
2025-03-06T22:50:54.973693,doh.dns.sb,13,0.5384615384615384,0.0,0.0,0.0
2025-03-06T22:50:54.973693,opennic2.eth-services.de,10,0.0,0.0,0.0,0.0
2025-03-06T22:50:54.973693,ns1.opennameserver.org,11,0.7272727272727273,0.0,0.0,0.0
2025-03-06T22:50:54.973693,anycast.uncensoreddns.org,10,0.7,0.0,0.0,0.0
2025-03-06T22:50:54.973693,ns3.opennameserver.org,11,0.6363636363636364,0.0,0.0,0.0
2025-03-06T22:50:54.973693,renardbleu.dev,14,0.7142857142857143,0.0,0.0,0.0
2025-03-06T22:50:54.973693,doh.seby.io,6,0.3333333333333333,0.16666666666666666,0.0,0.0
2025-03-06T22:50:54.973693,syd02.dnscry.pt,12,0.5,0.0,0.0,0.0
2025-03-06T22:50:54.973693,syd01.dnscry.pt,9,0.5555555555555556,0.0,0.0,0.0
2025-03-06T22:50:54.973693,doh.opendns.com,12,0.0,1.0,0.0,0.0
2025-03-06T22:50:54.973693,dns.google,11,0.5454545454545454,0.0,0.0,0.0
2025-03-06T22:50:54.973693,ns1.fi.dns.opennic.glue,12,0.0,1.0,0.0,0.0
2025-03-06T22:50:54.973693,dns.froth.zone,10,0.6,0.0,0.0,0.0
2025-03-06T22:50:54.973693,tlv01.dnscry.pt,7,0.2857142857142857,0.0,0.0,0.0
2025-03-06T22:50:54.973693,dnspub.restena.lu,11,0.6363636363636364,0.0,0.0,0.0
2025-03-06T22:50:54.973693,www.morbitzer.de,8,0.0,1.0,0.0,0.0
2025-03-06T22:50:54.973693,dns.bitdefender.net,8,0.375,0.0,0.0,0.0
2025-03-06T22:50:54.973693,doh.mullvad.net,6,0.3333333333333333,0.0,0.0,0.0
2025-03-06T22:50:54.973693,ns.opennameserver.org,10,0.2,0.0,0.4,0.0
2025-03-06T22:50:54.973693,ns4.opennameserver.org,9,0.4444444444444444,0.0,0.0,0.0
2025-03-06T22:50:54.973693,doh.ffmuc.net,10,0.6,0.0,0.0,0.0
2025-03-06T22:50:54.973693,dns.quad9.net,9,0.1111111111111111,0.0,0.0,0.0
2025-03-06T22:50:54.973693,ns2.opennameserver.org,5,0.2,0.0,0.0,0.0
2025-03-06T22:50:54.973693,doh.applied-privacy.net,7,0.8571428571428571,0.0,0.0,0.0
2025-03-06T22:50:54.973693,doh.kekew.info,4,0.5,0.0,0.0,0.0
2025-03-06T22:59:31.968642,vpsat.schmaller.de,9,0.0,1.0,0.0,0.0
2025-03-06T22:59:31.968642,doh.dns.sb,24,0.4583333333333333,0.0,0.0,0.0
2025-03-06T22:59:31.968642,opennic2.eth-services.de,14,0.0,0.0,0.0,0.0
2025-03-06T22:59:31.968642,ns1.opennameserver.org,21,0.5238095238095238,0.0,0.0,0.0
2025-03-06T22:59:31.968642,anycast.uncensoreddns.org,19,0.5789473684210527,0.0,0.0,0.0
2025-03-06T22:59:31.968642,ns3.opennameserver.org,19,0.6842105263157895,0.0,0.0,0.0
2025-03-06T22:59:31.968642,renardbleu.dev,18,0.6666666666666666,0.0,0.0,0.0
2025-03-06T22:59:31.968642,doh.seby.io,13,0.38461538461538464,0.15384615384615385,0.0,0.0
2025-03-06T22:59:31.968642,syd02.dnscry.pt,21,0.47619047619047616,0.0,0.0,0.0
2025-03-06T22:59:31.968642,syd01.dnscry.pt,17,0.6470588235294118,0.0,0.0,0.0
2025-03-06T22:59:31.968642,doh.opendns.com,12,0.0,1.0,0.0,0.0
2025-03-06T22:59:31.968642,dns.google,15,0.5333333333333333,0.0,0.0,0.0
2025-03-06T22:59:31.968642,ns1.fi.dns.opennic.glue,12,0.0,1.0,0.0,0.0
2025-03-06T22:59:31.968642,dns.froth.zone,22,0.5,0.0,0.0,0.0
2025-03-06T22:59:31.968642,tlv01.dnscry.pt,17,0.4117647058823529,0.0,0.0,0.0
2025-03-06T22:59:31.968642,dnspub.restena.lu,22,0.5454545454545454,0.0,0.0,0.0
2025-03-06T22:59:31.968642,www.morbitzer.de,8,0.0,1.0,0.0,0.0
2025-03-06T22:59:31.968642,dns.bitdefender.net,14,0.5714285714285714,0.0,0.0,0.0
2025-03-06T22:59:31.968642,doh.mullvad.net,16,0.375,0.0,0.0,0.0
2025-03-06T22:59:31.968642,ns.opennameserver.org,15,0.3333333333333333,0.0,0.4,0.0
2025-03-06T22:59:31.968642,ns4.opennameserver.org,16,0.375,0.0,0.0,0.0
2025-03-06T22:59:31.968642,doh.ffmuc.net,16,0.5,0.0,0.0,0.0
2025-03-06T22:59:31.968642,dns.quad9.net,15,0.3333333333333333,0.0,0.0,0.0
2025-03-06T22:59:31.968642,ns2.opennameserver.org,15,0.4,0.0,0.0,0.0
2025-03-06T22:59:31.968642,doh.applied-privacy.net,17,0.8235294117647058,0.0,0.0,0.0
2025-03-06T22:59:31.968642,doh.kekew.info,13,0.6153846153846154,0.0,0.0,0.0
2025-03-06T22:59:31.968642,doh.libredns.gr,11,0.7272727272727273,0.0,0.0,0.0
2025-03-06T22:59:31.968642,unicast.uncensoreddns.org,11,0.36363636363636365,0.0,0.0,0.0
2025-03-06T22:59:31.968642,unfiltered.adguard-dns.com,5,0.4,0.0,0.0,0.0
2025-03-06T23:36:14.031179,vpsat.schmaller.de,9,0.0,1.0,0.0,0.0
2025-03-06T23:36:14.031179,doh.dns.sb,32,0.5,0.0,0.0,0.0
2025-03-06T23:36:14.031179,opennic2.eth-services.de,22,0.0,0.0,0.0,0.0
2025-03-06T23:36:14.031179,ns1.opennameserver.org,29,0.5517241379310345,0.0,0.0,0.0
2025-03-06T23:36:14.031179,anycast.uncensoreddns.org,22,0.5,0.0,0.0,0.0
2025-03-06T23:36:14.031179,ns3.opennameserver.org,22,0.6818181818181818,0.0,0.0,0.0
2025-03-06T23:36:14.031179,renardbleu.dev,28,0.6428571428571429,0.0,0.0,0.0
2025-03-06T23:36:14.031179,doh.seby.io,18,0.3888888888888889,0.1111111111111111,0.0,0.0
2025-03-06T23:36:14.031179,syd02.dnscry.pt,27,0.48148148148148145,0.0,0.0,0.0
2025-03-06T23:36:14.031179,syd01.dnscry.pt,26,0.6153846153846154,0.0,0.0,0.0
2025-03-06T23:36:14.031179,doh.opendns.com,12,0.0,1.0,0.0,0.0
2025-03-06T23:36:14.031179,dns.google,25,0.48,0.0,0.0,0.0
2025-03-06T23:36:14.031179,ns1.fi.dns.opennic.glue,12,0.0,1.0,0.0,0.0
2025-03-06T23:36:14.031179,dns.froth.zone,33,0.5151515151515151,0.0,0.0,0.0
2025-03-06T23:36:14.031179,tlv01.dnscry.pt,24,0.5,0.0,0.0,0.0
2025-03-06T23:36:14.031179,dnspub.restena.lu,32,0.53125,0.0,0.0,0.0
2025-03-06T23:36:14.031179,www.morbitzer.de,8,0.0,1.0,0.0,0.0
2025-03-06T23:36:14.031179,dns.bitdefender.net,16,0.5625,0.0,0.0,0.0
2025-03-06T23:36:14.031179,doh.mullvad.net,20,0.5,0.0,0.0,0.0
2025-03-06T23:36:14.031179,ns.opennameserver.org,24,0.3333333333333333,0.0,0.3333333333333333,0.0
2025-03-06T23:36:14.031179,ns4.opennameserver.org,23,0.34782608695652173,0.0,0.0,0.0
2025-03-06T23:36:14.031179,doh.ffmuc.net,21,0.42857142857142855,0.0,0.0,0.0
2025-03-06T23:36:14.031179,dns.quad9.net,21,0.42857142857142855,0.0,0.0,0.0
2025-03-06T23:36:14.031179,ns2.opennameserver.org,19,0.3684210526315789,0.0,0.0,0.0
2025-03-06T23:36:14.031179,doh.applied-privacy.net,20,0.75,0.0,0.0,0.0
2025-03-06T23:36:14.031179,doh.kekew.info,22,0.5909090909090909,0.0,0.0,0.0
2025-03-06T23:36:14.031179,doh.libredns.gr,19,0.6842105263157895,0.0,0.0,0.0
2025-03-06T23:36:14.031179,unicast.uncensoreddns.org,16,0.5,0.0,0.0,0.0
2025-03-06T23:36:14.031179,unfiltered.adguard-dns.com,17,0.35294117647058826,0.0,0.0,0.0
2025-03-06T23:36:14.031179,uncensored.dns.dnswarden.com,7,0.0,0.0,0.0,0.0
2025-03-06T23:36:14.031179,resolver.dnsprivacy.org.uk,8,0.0,0.0,0.0,0.0
2025-03-06T23:36:14.031179,dns.switch.ch,6,0.5,0.0,0.0,0.0
2025-03-06T23:36:14.031179,common.dot.dns.yandex.net,8,0.75,0.0,0.0,0.0
2025-03-06T23:36:14.031179,dns.rabbitdns.org,7,0.0,0.0,1.0,0.0
2025-03-06T23:36:14.031179,dns.pumplex.com,5,0.0,1.0,0.0,0.0
2025-03-06T23:36:14.031179,doh.qis.io,1,0.0,0.0,0.0,0.0
2025-03-06T23:42:06.885522,vpsat.schmaller.de,9,0.0,1.0,0.0,0.0
2025-03-06T23:42:06.885522,doh.dns.sb,32,0.5,0.0,0.0,0.0
2025-03-06T23:42:06.885522,opennic2.eth-services.de,22,0.0,0.0,0.0,0.0
2025-03-06T23:42:06.885522,ns1.opennameserver.org,29,0.5517241379310345,0.0,0.0,0.0
2025-03-06T23:42:06.885522,anycast.uncensoreddns.org,22,0.5,0.0,0.0,0.0
2025-03-06T23:42:06.885522,ns3.opennameserver.org,22,0.6818181818181818,0.0,0.0,0.0
2025-03-06T23:42:06.885522,renardbleu.dev,28,0.6428571428571429,0.0,0.0,0.0
2025-03-06T23:42:06.885522,doh.seby.io,18,0.3888888888888889,0.1111111111111111,0.0,0.0
2025-03-06T23:42:06.885522,syd02.dnscry.pt,27,0.48148148148148145,0.0,0.0,0.0
2025-03-06T23:42:06.885522,syd01.dnscry.pt,26,0.6153846153846154,0.0,0.0,0.0
2025-03-06T23:42:06.885522,doh.opendns.com,12,0.0,1.0,0.0,0.0
2025-03-06T23:42:06.885522,dns.google,25,0.48,0.0,0.0,0.0
2025-03-06T23:42:06.885522,ns1.fi.dns.opennic.glue,12,0.0,1.0,0.0,0.0
2025-03-06T23:42:06.885522,dns.froth.zone,33,0.5151515151515151,0.0,0.0,0.0
2025-03-06T23:42:06.885522,tlv01.dnscry.pt,24,0.5,0.0,0.0,0.0
2025-03-06T23:42:06.885522,dnspub.restena.lu,32,0.53125,0.0,0.0,0.0
2025-03-06T23:42:06.885522,www.morbitzer.de,8,0.0,1.0,0.0,0.0
2025-03-06T23:42:06.885522,dns.bitdefender.net,16,0.5625,0.0,0.0,0.0
2025-03-06T23:42:06.885522,doh.mullvad.net,20,0.5,0.0,0.0,0.0
2025-03-06T23:42:06.885522,ns.opennameserver.org,24,0.3333333333333333,0.0,0.3333333333333333,0.0
2025-03-06T23:42:06.885522,ns4.opennameserver.org,23,0.34782608695652173,0.0,0.0,0.0
2025-03-06T23:42:06.885522,doh.ffmuc.net,21,0.42857142857142855,0.0,0.0,0.0
2025-03-06T23:42:06.885522,dns.quad9.net,21,0.42857142857142855,0.0,0.0,0.0
2025-03-06T23:42:06.885522,ns2.opennameserver.org,19,0.3684210526315789,0.0,0.0,0.0
2025-03-06T23:42:06.885522,doh.applied-privacy.net,20,0.75,0.0,0.0,0.0
2025-03-06T23:42:06.885522,doh.kekew.info,22,0.5909090909090909,0.0,0.0,0.0
2025-03-06T23:42:06.885522,doh.libredns.gr,19,0.6842105263157895,0.0,0.0,0.0
2025-03-06T23:42:06.885522,unicast.uncensoreddns.org,16,0.5,0.0,0.0,0.0
2025-03-06T23:42:06.885522,unfiltered.adguard-dns.com,17,0.35294117647058826,0.0,0.0,0.0
2025-03-06T23:42:06.885522,uncensored.dns.dnswarden.com,7,0.0,0.0,0.0,0.0
2025-03-06T23:42:06.885522,resolver.dnsprivacy.org.uk,8,0.0,0.0,0.0,0.0
2025-03-06T23:42:06.885522,dns.switch.ch,6,0.5,0.0,0.0,0.0
2025-03-06T23:42:06.885522,common.dot.dns.yandex.net,8,0.75,0.0,0.0,0.0
2025-03-06T23:42:06.885522,dns.rabbitdns.org,7,0.0,0.0,1.0,0.0
2025-03-06T23:42:06.885522,dns.pumplex.com,5,0.0,1.0,0.0,0.0
2025-03-06T23:42:06.885522,doh.qis.io,1,0.0,0.0,0.0,0.0
2025-03-06T23:57:08.578664,vpsat.schmaller.de,9,0.0,1.0,0.0,0.0
2025-03-06T23:57:08.578664,doh.dns.sb,180,0.8277777777777777,0.0,0.0,0.0
2025-03-06T23:57:08.578664,opennic2.eth-services.de,153,0.0,0.0,0.0,0.0
2025-03-06T23:57:08.578664,ns1.opennameserver.org,176,0.8181818181818182,0.0,0.0,0.0
2025-03-06T23:57:08.578664,anycast.uncensoreddns.org,169,0.8284023668639053,0.0,0.0,0.0
2025-03-06T23:57:08.578664,ns3.opennameserver.org,167,0.8682634730538922,0.0,0.005988023952095809,0.0
2025-03-06T23:57:08.578664,renardbleu.dev,165,0.793939393939394,0.0,0.006060606060606061,0.0
2025-03-06T23:57:08.578664,doh.seby.io,189,0.783068783068783,0.06878306878306878,0.0,0.0
2025-03-06T23:57:08.578664,syd02.dnscry.pt,211,0.8151658767772512,0.0,0.004739336492890996,0.0
2025-03-06T23:57:08.578664,syd01.dnscry.pt,167,0.8502994011976048,0.0,0.0,0.0
2025-03-06T23:57:08.578664,doh.opendns.com,12,0.0,1.0,0.0,0.0
2025-03-06T23:57:08.578664,dns.google,167,0.844311377245509,0.0,0.0,0.0
2025-03-06T23:57:08.578664,ns1.fi.dns.opennic.glue,12,0.0,1.0,0.0,0.0
2025-03-06T23:57:08.578664,dns.froth.zone,201,0.7611940298507462,0.0,0.0,0.0
2025-03-06T23:57:08.578664,tlv01.dnscry.pt,162,0.7839506172839507,0.0,0.0,0.0
2025-03-06T23:57:08.578664,dnspub.restena.lu,174,0.8333333333333334,0.0,0.0,0.0
2025-03-06T23:57:08.578664,www.morbitzer.de,8,0.0,1.0,0.0,0.0
2025-03-06T23:57:08.578664,dns.bitdefender.net,185,0.8162162162162162,0.0,0.0,0.0
2025-03-06T23:57:08.578664,doh.mullvad.net,191,0.8010471204188482,0.0,0.0,0.0
2025-03-06T23:57:08.578664,ns.opennameserver.org,180,0.6333333333333333,0.0,0.2611111111111111,0.0
2025-03-06T23:57:08.578664,ns4.opennameserver.org,188,0.8031914893617021,0.0,0.0,0.0
2025-03-06T23:57:08.578664,doh.ffmuc.net,157,0.8471337579617835,0.0,0.0,0.0
2025-03-06T23:57:08.578664,dns.quad9.net,165,0.8242424242424242,0.012121212121212121,0.0,0.0
2025-03-06T23:57:08.578664,ns2.opennameserver.org,173,0.838150289017341,0.0,0.0,0.0
2025-03-06T23:57:08.578664,doh.applied-privacy.net,183,0.8306010928961749,0.0,0.0,0.0
2025-03-06T23:57:08.578664,doh.kekew.info,171,0.8245614035087719,0.0,0.017543859649122806,0.0
2025-03-06T23:57:08.578664,doh.libredns.gr,167,0.8562874251497006,0.0,0.005988023952095809,0.0
2025-03-06T23:57:08.578664,unicast.uncensoreddns.org,164,0.7987804878048781,0.0,0.006097560975609756,0.0
2025-03-06T23:57:08.578664,unfiltered.adguard-dns.com,187,0.786096256684492,0.0,0.0,0.0
2025-03-06T23:57:08.578664,uncensored.dns.dnswarden.com,158,0.0,0.0,0.0,0.0
2025-03-06T23:57:08.578664,resolver.dnsprivacy.org.uk,161,0.8012422360248447,0.0,0.0,0.0
2025-03-06T23:57:08.578664,dns.switch.ch,165,0.8545454545454545,0.0,0.0,0.0
2025-03-06T23:57:08.578664,common.dot.dns.yandex.net,158,0.8607594936708861,0.0,0.012658227848101266,0.0
2025-03-06T23:57:08.578664,dns.rabbitdns.org,154,0.0,0.0,1.0,0.0
2025-03-06T23:57:08.578664,dns.pumplex.com,158,0.0,1.0,0.0,0.0
2025-03-06T23:57:08.578664,doh.qis.io,134,0.8582089552238806,0.0,0.0,0.0
2025-03-06T23:58:34.467139,vpsat.schmaller.de,9,0.0,1.0,0.0,0.0
2025-03-06T23:58:34.467139,doh.dns.sb,183,0.8306010928961749,0.0,0.0,0.0
2025-03-06T23:58:34.467139,opennic2.eth-services.de,155,0.0,0.0,0.0,0.0
2025-03-06T23:58:34.467139,ns1.opennameserver.org,179,0.8212290502793296,0.0,0.0,0.0
2025-03-06T23:58:34.467139,anycast.uncensoreddns.org,170,0.8294117647058824,0.0,0.0,0.0
2025-03-06T23:58:34.467139,ns3.opennameserver.org,169,0.8698224852071006,0.0,0.005917159763313609,0.0
2025-03-06T23:58:34.467139,renardbleu.dev,168,0.7976190476190477,0.0,0.005952380952380952,0.0
2025-03-06T23:58:34.467139,doh.seby.io,193,0.7875647668393783,0.06735751295336788,0.0,0.0
2025-03-06T23:58:34.467139,syd02.dnscry.pt,217,0.8202764976958525,0.0,0.004608294930875576,0.0
2025-03-06T23:58:34.467139,syd01.dnscry.pt,170,0.8529411764705882,0.0,0.0,0.0
2025-03-06T23:58:34.467139,doh.opendns.com,12,0.0,1.0,0.0,0.0
2025-03-06T23:58:34.467139,dns.google,170,0.8470588235294118,0.0,0.0,0.0
2025-03-06T23:58:34.467139,ns1.fi.dns.opennic.glue,12,0.0,1.0,0.0,0.0
2025-03-06T23:58:34.467139,dns.froth.zone,202,0.7623762376237624,0.0,0.0,0.0
2025-03-06T23:58:34.467139,tlv01.dnscry.pt,165,0.7878787878787878,0.0,0.0,0.0
2025-03-06T23:58:34.467139,dnspub.restena.lu,174,0.8333333333333334,0.0,0.0,0.0
2025-03-06T23:58:34.467139,www.morbitzer.de,8,0.0,1.0,0.0,0.0
2025-03-06T23:58:34.467139,dns.bitdefender.net,186,0.8172043010752689,0.0,0.0,0.0
2025-03-06T23:58:34.467139,doh.mullvad.net,194,0.8041237113402062,0.0,0.0,0.0
2025-03-06T23:58:34.467139,ns.opennameserver.org,183,0.6338797814207651,0.0,0.2568306010928962,0.0
2025-03-06T23:58:34.467139,ns4.opennameserver.org,189,0.8042328042328042,0.0,0.0,0.0
2025-03-06T23:58:34.467139,doh.ffmuc.net,159,0.8427672955974843,0.0,0.0,0.0
2025-03-06T23:58:34.467139,dns.quad9.net,171,0.8304093567251462,0.011695906432748537,0.0,0.0
2025-03-06T23:58:34.467139,ns2.opennameserver.org,176,0.8409090909090909,0.0,0.0,0.0
2025-03-06T23:58:34.467139,doh.applied-privacy.net,185,0.8324324324324325,0.0,0.0,0.0
2025-03-06T23:58:34.467139,doh.kekew.info,173,0.8265895953757225,0.0,0.017341040462427744,0.0
2025-03-06T23:58:34.467139,doh.libredns.gr,169,0.8579881656804734,0.0,0.005917159763313609,0.0
2025-03-06T23:58:34.467139,unicast.uncensoreddns.org,167,0.8023952095808383,0.0,0.005988023952095809,0.0
2025-03-06T23:58:34.467139,unfiltered.adguard-dns.com,191,0.7905759162303665,0.0,0.0,0.0
2025-03-06T23:58:34.467139,uncensored.dns.dnswarden.com,162,0.0,0.0,0.0,0.0
2025-03-06T23:58:34.467139,resolver.dnsprivacy.org.uk,164,0.8048780487804879,0.0,0.0,0.0
2025-03-06T23:58:34.467139,dns.switch.ch,170,0.8588235294117647,0.0,0.0,0.0
2025-03-06T23:58:34.467139,common.dot.dns.yandex.net,166,0.8674698795180723,0.0,0.012048192771084338,0.0
2025-03-06T23:58:34.467139,dns.rabbitdns.org,154,0.0,0.0,1.0,0.0
2025-03-06T23:58:34.467139,dns.pumplex.com,160,0.0,1.0,0.0,0.0
2025-03-06T23:58:34.467139,doh.qis.io,141,0.8652482269503546,0.0,0.0,0.0
2025-03-07T00:01:13.435598,vpsat.schmaller.de,9,0.0,1.0,0.0,0.0
2025-03-07T00:01:13.435598,doh.dns.sb,184,0.8260869565217391,0.0,0.0,0.0
2025-03-07T00:01:13.435598,opennic2.eth-services.de,158,0.0,0.0,0.0,0.0
2025-03-07T00:01:13.435598,ns1.opennameserver.org,185,0.7945945945945946,0.0,0.0,0.0
2025-03-07T00:01:13.435598,anycast.uncensoreddns.org,174,0.8160919540229885,0.0,0.0,0.0
2025-03-07T00:01:13.435598,ns3.opennameserver.org,169,0.8698224852071006,0.0,0.005917159763313609,0.0
2025-03-07T00:01:13.435598,renardbleu.dev,172,0.7790697674418605,0.0,0.005813953488372093,0.0
2025-03-07T00:01:13.435598,doh.seby.io,196,0.7755102040816326,0.0663265306122449,0.0,0.0
2025-03-07T00:01:13.435598,syd02.dnscry.pt,222,0.8018018018018018,0.0,0.0045045045045045045,0.0
2025-03-07T00:01:13.435598,syd01.dnscry.pt,176,0.8238636363636364,0.0,0.0,0.0
2025-03-07T00:01:13.435598,doh.opendns.com,12,0.0,1.0,0.0,0.0
2025-03-07T00:01:13.435598,dns.google,172,0.8372093023255814,0.0,0.0,0.0
2025-03-07T00:01:13.435598,ns1.fi.dns.opennic.glue,12,0.0,1.0,0.0,0.0
2025-03-07T00:01:13.435598,dns.froth.zone,203,0.7586206896551724,0.0,0.0,0.0
2025-03-07T00:01:13.435598,tlv01.dnscry.pt,167,0.7844311377245509,0.0,0.0,0.0
2025-03-07T00:01:13.435598,dnspub.restena.lu,180,0.8055555555555556,0.0,0.0,0.0
2025-03-07T00:01:13.435598,www.morbitzer.de,8,0.0,1.0,0.0,0.0
2025-03-07T00:01:13.435598,dns.bitdefender.net,187,0.8128342245989305,0.0,0.0,0.0
2025-03-07T00:01:13.435598,doh.mullvad.net,199,0.7889447236180904,0.0,0.0,0.0
2025-03-07T00:01:13.435598,ns.opennameserver.org,189,0.6137566137566137,0.0,0.25925925925925924,0.0
2025-03-07T00:01:13.435598,ns4.opennameserver.org,191,0.7958115183246073,0.0,0.0,0.0
2025-03-07T00:01:13.435598,doh.ffmuc.net,162,0.8271604938271605,0.0,0.0,0.0
2025-03-07T00:01:13.435598,dns.quad9.net,173,0.8208092485549133,0.011560693641618497,0.0,0.0
2025-03-07T00:01:13.435598,ns2.opennameserver.org,180,0.8222222222222222,0.0,0.0,0.0
2025-03-07T00:01:13.435598,doh.applied-privacy.net,187,0.8235294117647058,0.0,0.0,0.0
2025-03-07T00:01:13.435598,doh.kekew.info,174,0.8218390804597702,0.0,0.017241379310344827,0.0
2025-03-07T00:01:13.435598,doh.libredns.gr,171,0.847953216374269,0.0,0.005847953216374269,0.0
2025-03-07T00:01:13.435598,unicast.uncensoreddns.org,172,0.7848837209302325,0.0,0.005813953488372093,0.0
2025-03-07T00:01:13.435598,unfiltered.adguard-dns.com,193,0.7823834196891192,0.0,0.0,0.0
2025-03-07T00:01:13.435598,uncensored.dns.dnswarden.com,168,0.0,0.0,0.0,0.0
2025-03-07T00:01:13.435598,resolver.dnsprivacy.org.uk,167,0.7904191616766467,0.0,0.0,0.0
2025-03-07T00:01:13.435598,dns.switch.ch,174,0.8620689655172413,0.0,0.0,0.0
2025-03-07T00:01:13.435598,common.dot.dns.yandex.net,173,0.8323699421965318,0.0,0.011560693641618497,0.0
2025-03-07T00:01:13.435598,dns.rabbitdns.org,155,0.0,0.0,1.0,0.0
2025-03-07T00:01:13.435598,dns.pumplex.com,164,0.0,1.0,0.0,0.0
2025-03-07T00:01:13.435598,doh.qis.io,145,0.8413793103448276,0.0,0.0,0.0
2025-03-07T00:11:30.832068,vpsat.schmaller.de,9,0.0,1.0,0.0,0.0
2025-03-07T00:11:30.832068,doh.dns.sb,188,0.8085106382978723,0.0,0.0,0.0
2025-03-07T00:11:30.832068,opennic2.eth-services.de,161,0.0,0.0,0.0,0.0
2025-03-07T00:11:30.832068,ns1.opennameserver.org,186,0.7956989247311828,0.0,0.0,0.0
2025-03-07T00:11:30.832068,anycast.uncensoreddns.org,179,0.7932960893854749,0.0,0.0,0.0
2025-03-07T00:11:30.832068,ns3.opennameserver.org,176,0.8409090909090909,0.0,0.005681818181818182,0.0
2025-03-07T00:11:30.832068,renardbleu.dev,173,0.7745664739884393,0.0,0.005780346820809248,0.0
2025-03-07T00:11:30.832068,doh.seby.io,199,0.7638190954773869,0.06532663316582915,0.0,0.0
2025-03-07T00:11:30.832068,syd02.dnscry.pt,227,0.7841409691629956,0.0,0.004405286343612335,0.0
2025-03-07T00:11:30.832068,syd01.dnscry.pt,178,0.8202247191011236,0.0,0.0,0.0
2025-03-07T00:11:30.832068,doh.opendns.com,12,0.0,1.0,0.0,0.0
2025-03-07T00:11:30.832068,dns.google,175,0.8228571428571428,0.0,0.0,0.0
2025-03-07T00:11:30.832068,ns1.fi.dns.opennic.glue,12,0.0,1.0,0.0,0.0
2025-03-07T00:11:30.832068,dns.froth.zone,206,0.7475728155339806,0.0,0.0,0.0
2025-03-07T00:11:30.832068,tlv01.dnscry.pt,171,0.7660818713450293,0.0,0.0,0.0
2025-03-07T00:11:30.832068,dnspub.restena.lu,183,0.7923497267759563,0.0,0.0,0.0
2025-03-07T00:11:30.832068,www.morbitzer.de,8,0.0,1.0,0.0,0.0
2025-03-07T00:11:30.832068,dns.bitdefender.net,189,0.8042328042328042,0.0,0.0,0.0
2025-03-07T00:11:30.832068,doh.mullvad.net,203,0.7733990147783252,0.0,0.0,0.0
2025-03-07T00:11:30.832068,ns.opennameserver.org,195,0.5948717948717949,0.0,0.26153846153846155,0.0
2025-03-07T00:11:30.832068,ns4.opennameserver.org,195,0.7794871794871795,0.0,0.0,0.0
2025-03-07T00:11:30.832068,doh.ffmuc.net,166,0.8132530120481928,0.0,0.0,0.0
2025-03-07T00:11:30.832068,dns.quad9.net,176,0.8068181818181818,0.011363636363636364,0.0,0.0
2025-03-07T00:11:30.832068,ns2.opennameserver.org,181,0.8176795580110497,0.0,0.0,0.0
2025-03-07T00:11:30.832068,doh.applied-privacy.net,191,0.806282722513089,0.0,0.0,0.0
2025-03-07T00:11:30.832068,doh.kekew.info,178,0.8033707865168539,0.0,0.016853932584269662,0.0
2025-03-07T00:11:30.832068,doh.libredns.gr,175,0.8342857142857143,0.0,0.005714285714285714,0.0
2025-03-07T00:11:30.832068,unicast.uncensoreddns.org,176,0.7670454545454546,0.0,0.005681818181818182,0.0
2025-03-07T00:11:30.832068,unfiltered.adguard-dns.com,195,0.7743589743589744,0.0,0.0,0.0
2025-03-07T00:11:30.832068,uncensored.dns.dnswarden.com,175,0.0,0.0,0.0,0.0
2025-03-07T00:11:30.832068,resolver.dnsprivacy.org.uk,172,0.7674418604651163,0.0,0.0,0.0
2025-03-07T00:11:30.832068,dns.switch.ch,174,0.8620689655172413,0.0,0.0,0.0
2025-03-07T00:11:30.832068,common.dot.dns.yandex.net,175,0.8228571428571428,0.0,0.011428571428571429,0.0
2025-03-07T00:11:30.832068,dns.rabbitdns.org,157,0.0,0.0,1.0,0.0
2025-03-07T00:11:30.832068,dns.pumplex.com,167,0.0,1.0,0.0,0.0
2025-03-07T00:11:30.832068,doh.qis.io,147,0.8299319727891157,0.0,0.0,0.0
2025-03-07T00:12:24.619830,vpsat.schmaller.de,9,0.0,1.0,0.0,0.0
2025-03-07T00:12:24.619830,doh.dns.sb,188,0.8085106382978723,0.0,0.0,0.0
2025-03-07T00:12:24.619830,opennic2.eth-services.de,164,0.0,0.0,0.0,0.0
2025-03-07T00:12:24.619830,ns1.opennameserver.org,188,0.7872340425531915,0.0,0.0,0.0
2025-03-07T00:12:24.619830,anycast.uncensoreddns.org,183,0.7759562841530054,0.0,0.0,0.0
2025-03-07T00:12:24.619830,ns3.opennameserver.org,181,0.8232044198895028,0.0,0.0055248618784530384,0.0
2025-03-07T00:12:24.619830,renardbleu.dev,176,0.7670454545454546,0.0,0.005681818181818182,0.0
2025-03-07T00:12:24.619830,doh.seby.io,201,0.7562189054726368,0.06467661691542288,0.0,0.0
2025-03-07T00:12:24.619830,syd02.dnscry.pt,228,0.7807017543859649,0.0,0.0043859649122807015,0.0
2025-03-07T00:12:24.619830,syd01.dnscry.pt,181,0.8121546961325967,0.0,0.0,0.0
2025-03-07T00:12:24.619830,doh.opendns.com,12,0.0,1.0,0.0,0.0
2025-03-07T00:12:24.619830,dns.google,178,0.8089887640449438,0.0,0.0,0.0
2025-03-07T00:12:24.619830,ns1.fi.dns.opennic.glue,12,0.0,1.0,0.0,0.0
2025-03-07T00:12:24.619830,dns.froth.zone,208,0.7403846153846154,0.0,0.0,0.0
2025-03-07T00:12:24.619830,tlv01.dnscry.pt,176,0.7443181818181818,0.0,0.0,0.0
2025-03-07T00:12:24.619830,dnspub.restena.lu,185,0.7837837837837838,0.0,0.0,0.0
2025-03-07T00:12:24.619830,www.morbitzer.de,8,0.0,1.0,0.0,0.0
2025-03-07T00:12:24.619830,dns.bitdefender.net,192,0.7916666666666666,0.0,0.0,0.0
2025-03-07T00:12:24.619830,doh.mullvad.net,207,0.7584541062801933,0.0,0.0,0.0
2025-03-07T00:12:24.619830,ns.opennameserver.org,199,0.5829145728643216,0.0,0.2562814070351759,0.0
2025-03-07T00:12:24.619830,ns4.opennameserver.org,197,0.7715736040609137,0.0,0.0,0.0
2025-03-07T00:12:24.619830,doh.ffmuc.net,171,0.7894736842105263,0.0,0.0,0.0
2025-03-07T00:12:24.619830,dns.quad9.net,183,0.7759562841530054,0.01092896174863388,0.0,0.0
2025-03-07T00:12:24.619830,ns2.opennameserver.org,185,0.8,0.0,0.0,0.0
2025-03-07T00:12:24.619830,doh.applied-privacy.net,198,0.7777777777777778,0.0,0.0,0.0
2025-03-07T00:12:24.619830,doh.kekew.info,181,0.7900552486187845,0.0,0.016574585635359115,0.0
2025-03-07T00:12:24.619830,doh.libredns.gr,181,0.8176795580110497,0.0,0.0055248618784530384,0.0
2025-03-07T00:12:24.619830,unicast.uncensoreddns.org,178,0.7584269662921348,0.0,0.0056179775280898875,0.0
2025-03-07T00:12:24.619830,unfiltered.adguard-dns.com,198,0.7626262626262627,0.0,0.0,0.0
2025-03-07T00:12:24.619830,uncensored.dns.dnswarden.com,177,0.0,0.0,0.0,0.0
2025-03-07T00:12:24.619830,resolver.dnsprivacy.org.uk,175,0.7542857142857143,0.0,0.0,0.0
2025-03-07T00:12:24.619830,dns.switch.ch,176,0.8636363636363636,0.0,0.0,0.0
2025-03-07T00:12:24.619830,common.dot.dns.yandex.net,179,0.8044692737430168,0.0,0.0111731843575419,0.0
2025-03-07T00:12:24.619830,dns.rabbitdns.org,161,0.0,0.0,1.0,0.0
2025-03-07T00:12:24.619830,dns.pumplex.com,173,0.0,1.0,0.0,0.0
2025-03-07T00:12:24.619830,doh.qis.io,151,0.8079470198675497,0.0,0.0,0.0
2025-03-07T00:12:55.224263,vpsat.schmaller.de,9,0.0,1.0,0.0,0.0
2025-03-07T00:12:55.224263,doh.dns.sb,191,0.7958115183246073,0.0,0.0,0.0
2025-03-07T00:12:55.224263,opennic2.eth-services.de,164,0.0,0.0,0.0,0.0
2025-03-07T00:12:55.224263,ns1.opennameserver.org,192,0.7708333333333334,0.0,0.0,0.0
2025-03-07T00:12:55.224263,anycast.uncensoreddns.org,186,0.7634408602150538,0.0,0.0,0.0
2025-03-07T00:12:55.224263,ns3.opennameserver.org,184,0.8097826086956522,0.0,0.005434782608695652,0.0
2025-03-07T00:12:55.224263,renardbleu.dev,178,0.7584269662921348,0.0,0.0056179775280898875,0.0
2025-03-07T00:12:55.224263,doh.seby.io,202,0.7524752475247525,0.06435643564356436,0.0,0.0
2025-03-07T00:12:55.224263,syd02.dnscry.pt,230,0.7739130434782608,0.0,0.004347826086956522,0.0
2025-03-07T00:12:55.224263,syd01.dnscry.pt,188,0.7819148936170213,0.0,0.0,0.0
2025-03-07T00:12:55.224263,doh.opendns.com,12,0.0,1.0,0.0,0.0
2025-03-07T00:12:55.224263,dns.google,179,0.8044692737430168,0.0,0.0,0.0
2025-03-07T00:12:55.224263,ns1.fi.dns.opennic.glue,12,0.0,1.0,0.0,0.0
2025-03-07T00:12:55.224263,dns.froth.zone,211,0.7345971563981043,0.0,0.0,0.0
2025-03-07T00:12:55.224263,tlv01.dnscry.pt,178,0.7359550561797753,0.0,0.0,0.0
2025-03-07T00:12:55.224263,dnspub.restena.lu,187,0.7754010695187166,0.0,0.0,0.0
2025-03-07T00:12:55.224263,www.morbitzer.de,8,0.0,1.0,0.0,0.0
2025-03-07T00:12:55.224263,dns.bitdefender.net,199,0.7688442211055276,0.0,0.0,0.0
2025-03-07T00:12:55.224263,doh.mullvad.net,210,0.7476190476190476,0.0,0.0,0.0
2025-03-07T00:12:55.224263,ns.opennameserver.org,203,0.5812807881773399,0.0,0.2512315270935961,0.0
2025-03-07T00:12:55.224263,ns4.opennameserver.org,200,0.76,0.0,0.0,0.0
2025-03-07T00:12:55.224263,doh.ffmuc.net,172,0.7848837209302325,0.0,0.0,0.0
2025-03-07T00:12:55.224263,dns.quad9.net,187,0.7593582887700535,0.0106951871657754,0.0,0.0
2025-03-07T00:12:55.224263,ns2.opennameserver.org,190,0.7789473684210526,0.0,0.0,0.0
2025-03-07T00:12:55.224263,doh.applied-privacy.net,201,0.7711442786069652,0.0,0.0,0.0
2025-03-07T00:12:55.224263,doh.kekew.info,184,0.782608695652174,0.0,0.016304347826086956,0.0
2025-03-07T00:12:55.224263,doh.libredns.gr,188,0.7872340425531915,0.0,0.005319148936170213,0.0
2025-03-07T00:12:55.224263,unicast.uncensoreddns.org,181,0.7458563535911602,0.0,0.0055248618784530384,0.0
2025-03-07T00:12:55.224263,unfiltered.adguard-dns.com,206,0.7330097087378641,0.0,0.0,0.0
2025-03-07T00:12:55.224263,uncensored.dns.dnswarden.com,177,0.0,0.0,0.0,0.0
2025-03-07T00:12:55.224263,resolver.dnsprivacy.org.uk,183,0.7213114754098361,0.0,0.0,0.0
2025-03-07T00:12:55.224263,dns.switch.ch,177,0.864406779661017,0.0,0.0,0.0
2025-03-07T00:12:55.224263,common.dot.dns.yandex.net,182,0.7912087912087912,0.0,0.01098901098901099,0.0
2025-03-07T00:12:55.224263,dns.rabbitdns.org,163,0.0,0.0,1.0,0.0
2025-03-07T00:12:55.224263,dns.pumplex.com,177,0.0,1.0,0.0,0.0
2025-03-07T00:12:55.224263,doh.qis.io,155,0.7870967741935484,0.0,0.0,0.0
2025-03-07T00:18:14.298534,vpsat.schmaller.de,9,0.0,1.0,0.0,0.0
2025-03-07T00:18:14.298534,doh.dns.sb,197,0.7715736040609137,0.0,0.0,0.0
2025-03-07T00:18:14.298534,opennic2.eth-services.de,168,0.0,0.0,0.0,0.0
2025-03-07T00:18:14.298534,ns1.opennameserver.org,195,0.7589743589743589,0.0,0.0,0.0
2025-03-07T00:18:14.298534,anycast.uncensoreddns.org,190,0.7526315789473684,0.0,0.0,0.0
2025-03-07T00:18:14.298534,ns3.opennameserver.org,188,0.7925531914893617,0.0,0.005319148936170213,0.0
2025-03-07T00:18:14.298534,renardbleu.dev,180,0.75,0.0,0.005555555555555556,0.0
2025-03-07T00:18:14.298534,doh.seby.io,204,0.7450980392156863,0.06372549019607843,0.0,0.0
2025-03-07T00:18:14.298534,syd02.dnscry.pt,234,0.7606837606837606,0.0,0.004273504273504274,0.0
2025-03-07T00:18:14.298534,syd01.dnscry.pt,191,0.7696335078534031,0.0,0.0,0.0
2025-03-07T00:18:14.298534,doh.opendns.com,12,0.0,1.0,0.0,0.0
2025-03-07T00:18:14.298534,dns.google,179,0.8044692737430168,0.0,0.0,0.0
2025-03-07T00:18:14.298534,ns1.fi.dns.opennic.glue,12,0.0,1.0,0.0,0.0
2025-03-07T00:18:14.298534,dns.froth.zone,214,0.7242990654205608,0.0,0.0,0.0
2025-03-07T00:18:14.298534,tlv01.dnscry.pt,184,0.7119565217391305,0.0,0.0,0.0
2025-03-07T00:18:14.298534,dnspub.restena.lu,191,0.7643979057591623,0.0,0.0,0.0
2025-03-07T00:18:14.298534,www.morbitzer.de,8,0.0,1.0,0.0,0.0
2025-03-07T00:18:14.298534,dns.bitdefender.net,204,0.75,0.0,0.0,0.0
2025-03-07T00:18:14.298534,doh.mullvad.net,215,0.7348837209302326,0.0,0.0,0.0
2025-03-07T00:18:14.298534,ns.opennameserver.org,210,0.5619047619047619,0.0,0.24761904761904763,0.0
2025-03-07T00:18:14.298534,ns4.opennameserver.org,206,0.7378640776699029,0.0,0.0,0.0
2025-03-07T00:18:14.298534,doh.ffmuc.net,177,0.7627118644067796,0.0,0.0,0.0
2025-03-07T00:18:14.298534,dns.quad9.net,188,0.7553191489361702,0.010638297872340425,0.0,0.0
2025-03-07T00:18:14.298534,ns2.opennameserver.org,193,0.7668393782383419,0.0,0.0,0.0
2025-03-07T00:18:14.298534,doh.applied-privacy.net,202,0.7673267326732673,0.0,0.0,0.0
2025-03-07T00:18:14.298534,doh.kekew.info,186,0.7741935483870968,0.0,0.016129032258064516,0.0
2025-03-07T00:18:14.298534,doh.libredns.gr,190,0.7789473684210526,0.0,0.005263157894736842,0.0
2025-03-07T00:18:14.298534,unicast.uncensoreddns.org,184,0.7336956521739131,0.0,0.005434782608695652,0.0
2025-03-07T00:18:14.298534,unfiltered.adguard-dns.com,208,0.7259615384615384,0.0,0.0,0.0
2025-03-07T00:18:14.298534,uncensored.dns.dnswarden.com,180,0.0,0.0,0.0,0.0
2025-03-07T00:18:14.298534,resolver.dnsprivacy.org.uk,186,0.7096774193548387,0.0,0.0,0.0
2025-03-07T00:18:14.298534,dns.switch.ch,179,0.8659217877094972,0.0,0.0,0.0
2025-03-07T00:18:14.298534,common.dot.dns.yandex.net,186,0.7741935483870968,0.0,0.010752688172043012,0.0
2025-03-07T00:18:14.298534,dns.rabbitdns.org,166,0.0,0.0,1.0,0.0
2025-03-07T00:18:14.298534,dns.pumplex.com,179,0.0,1.0,0.0,0.0
2025-03-07T00:18:14.298534,doh.qis.io,157,0.7834394904458599,0.0,0.0,0.0
2025-03-07T00:18:35.716400,vpsat.schmaller.de,9,0.0,1.0,0.0,0.0
2025-03-07T00:18:35.716400,doh.dns.sb,202,0.7524752475247525,0.0,0.0,0.0
2025-03-07T00:18:35.716400,opennic2.eth-services.de,173,0.0,0.0,0.0,0.0
2025-03-07T00:18:35.716400,ns1.opennameserver.org,197,0.751269035532995,0.0,0.0,0.0
2025-03-07T00:18:35.716400,anycast.uncensoreddns.org,193,0.7409326424870466,0.0,0.0,0.0
2025-03-07T00:18:35.716400,ns3.opennameserver.org,192,0.78125,0.0,0.005208333333333333,0.0
2025-03-07T00:18:35.716400,renardbleu.dev,183,0.7377049180327869,0.0,0.00546448087431694,0.0
2025-03-07T00:18:35.716400,doh.seby.io,205,0.7414634146341463,0.06341463414634146,0.0,0.0
2025-03-07T00:18:35.716400,syd02.dnscry.pt,239,0.7447698744769874,0.0,0.0041841004184100415,0.0
2025-03-07T00:18:35.716400,syd01.dnscry.pt,194,0.7577319587628866,0.0,0.0,0.0
2025-03-07T00:18:35.716400,doh.opendns.com,12,0.0,1.0,0.0,0.0
2025-03-07T00:18:35.716400,dns.google,181,0.7955801104972375,0.0,0.0,0.0
2025-03-07T00:18:35.716400,ns1.fi.dns.opennic.glue,12,0.0,1.0,0.0,0.0
2025-03-07T00:18:35.716400,dns.froth.zone,216,0.7175925925925926,0.0,0.0,0.0
2025-03-07T00:18:35.716400,tlv01.dnscry.pt,187,0.7005347593582888,0.0,0.0,0.0
2025-03-07T00:18:35.716400,dnspub.restena.lu,198,0.7474747474747475,0.0,0.0,0.0
2025-03-07T00:18:35.716400,www.morbitzer.de,8,0.0,1.0,0.0,0.0
2025-03-07T00:18:35.716400,dns.bitdefender.net,211,0.7251184834123223,0.0,0.0,0.0
2025-03-07T00:18:35.716400,doh.mullvad.net,219,0.7214611872146118,0.0,0.0,0.0
2025-03-07T00:18:35.716400,ns.opennameserver.org,215,0.5488372093023256,0.0,0.24651162790697675,0.0
2025-03-07T00:18:35.716400,ns4.opennameserver.org,208,0.7307692307692307,0.0,0.0,0.0
2025-03-07T00:18:35.716400,doh.ffmuc.net,181,0.7513812154696132,0.0,0.0,0.0
2025-03-07T00:18:35.716400,dns.quad9.net,191,0.743455497382199,0.010471204188481676,0.0,0.0
2025-03-07T00:18:35.716400,ns2.opennameserver.org,193,0.7668393782383419,0.0,0.0,0.0
2025-03-07T00:18:35.716400,doh.applied-privacy.net,205,0.7560975609756098,0.0,0.0,0.0
2025-03-07T00:18:35.716400,doh.kekew.info,189,0.7619047619047619,0.0,0.021164021164021163,0.0
2025-03-07T00:18:35.716400,doh.libredns.gr,196,0.7551020408163265,0.0,0.00510204081632653,0.0
2025-03-07T00:18:35.716400,unicast.uncensoreddns.org,189,0.7195767195767195,0.0,0.005291005291005291,0.0
2025-03-07T00:18:35.716400,unfiltered.adguard-dns.com,209,0.722488038277512,0.0,0.0,0.0
2025-03-07T00:18:35.716400,uncensored.dns.dnswarden.com,182,0.0,0.0,0.0,0.0
2025-03-07T00:18:35.716400,resolver.dnsprivacy.org.uk,191,0.6910994764397905,0.0,0.0,0.0
2025-03-07T00:18:35.716400,dns.switch.ch,182,0.8681318681318682,0.0,0.0,0.0
2025-03-07T00:18:35.716400,common.dot.dns.yandex.net,187,0.7700534759358288,0.0,0.0106951871657754,0.0
2025-03-07T00:18:35.716400,dns.rabbitdns.org,167,0.0,0.0,1.0,0.0
2025-03-07T00:18:35.716400,dns.pumplex.com,180,0.0,1.0,0.0,0.0
2025-03-07T00:18:35.716400,doh.qis.io,160,0.76875,0.0,0.0,0.0
2025-03-07T00:19:24.659294,vpsat.schmaller.de,9,0.0,1.0,0.0,0.0
2025-03-07T00:19:24.659294,doh.dns.sb,208,0.7307692307692307,0.0,0.0,0.0
2025-03-07T00:19:24.659294,opennic2.eth-services.de,177,0.0,0.0,0.0,0.0
2025-03-07T00:19:24.659294,ns1.opennameserver.org,200,0.74,0.0,0.0,0.0
2025-03-07T00:19:24.659294,anycast.uncensoreddns.org,195,0.7384615384615385,0.0,0.0,0.0
2025-03-07T00:19:24.659294,ns3.opennameserver.org,197,0.7614213197969543,0.0,0.005076142131979695,0.0
2025-03-07T00:19:24.659294,renardbleu.dev,186,0.7258064516129032,0.0,0.005376344086021506,0.0
2025-03-07T00:19:24.659294,doh.seby.io,208,0.7307692307692307,0.0625,0.0,0.0
2025-03-07T00:19:24.659294,syd02.dnscry.pt,243,0.7325102880658436,0.0,0.00411522633744856,0.0
2025-03-07T00:19:24.659294,syd01.dnscry.pt,197,0.7461928934010152,0.0,0.0,0.0
2025-03-07T00:19:24.659294,doh.opendns.com,12,0.0,1.0,0.0,0.0
2025-03-07T00:19:24.659294,dns.google,182,0.7912087912087912,0.0,0.0,0.0
2025-03-07T00:19:24.659294,ns1.fi.dns.opennic.glue,12,0.0,1.0,0.0,0.0
2025-03-07T00:19:24.659294,dns.froth.zone,216,0.7175925925925926,0.0,0.0,0.0
2025-03-07T00:19:24.659294,tlv01.dnscry.pt,190,0.6894736842105263,0.0,0.0,0.0
2025-03-07T00:19:24.659294,dnspub.restena.lu,199,0.7437185929648241,0.0,0.0,0.0
2025-03-07T00:19:24.659294,www.morbitzer.de,8,0.0,1.0,0.0,0.0
2025-03-07T00:19:24.659294,dns.bitdefender.net,214,0.7149532710280374,0.0,0.0,0.0
2025-03-07T00:19:24.659294,doh.mullvad.net,223,0.7085201793721974,0.0,0.0,0.0
2025-03-07T00:19:24.659294,ns.opennameserver.org,215,0.5488372093023256,0.0,0.24651162790697675,0.0
2025-03-07T00:19:24.659294,ns4.opennameserver.org,212,0.7169811320754716,0.0,0.0,0.0
2025-03-07T00:19:24.659294,doh.ffmuc.net,185,0.7351351351351352,0.0,0.0,0.0
2025-03-07T00:19:24.659294,dns.quad9.net,195,0.7333333333333333,0.010256410256410256,0.0,0.0
2025-03-07T00:19:24.659294,ns2.opennameserver.org,200,0.74,0.0,0.0,0.0
2025-03-07T00:19:24.659294,doh.applied-privacy.net,208,0.7451923076923077,0.0,0.0,0.0
2025-03-07T00:19:24.659294,doh.kekew.info,192,0.75,0.0,0.020833333333333332,0.0
2025-03-07T00:19:24.659294,doh.libredns.gr,200,0.745,0.0,0.005,0.0
2025-03-07T00:19:24.659294,unicast.uncensoreddns.org,192,0.7083333333333334,0.0,0.005208333333333333,0.0
2025-03-07T00:19:24.659294,unfiltered.adguard-dns.com,210,0.719047619047619,0.0,0.0,0.0
2025-03-07T00:19:24.659294,uncensored.dns.dnswarden.com,187,0.0,0.0,0.0,0.0
2025-03-07T00:19:24.659294,resolver.dnsprivacy.org.uk,195,0.676923076923077,0.0,0.0,0.0
2025-03-07T00:19:24.659294,dns.switch.ch,186,0.8709677419354839,0.0,0.0,0.0
2025-03-07T00:19:24.659294,common.dot.dns.yandex.net,193,0.7461139896373057,0.0,0.010362694300518135,0.0
2025-03-07T00:19:24.659294,dns.rabbitdns.org,172,0.0,0.0,1.0,0.0
2025-03-07T00:19:24.659294,dns.pumplex.com,186,0.0,1.0,0.0,0.0
2025-03-07T00:19:24.659294,doh.qis.io,163,0.7607361963190185,0.0,0.0,0.0
2025-03-07T00:29:13.022888,vpsat.schmaller.de,9,0.0,1.0,0.0,0.0
2025-03-07T00:29:13.022888,doh.dns.sb,208,0.7307692307692307,0.0,0.0,0.0
2025-03-07T00:29:13.022888,opennic2.eth-services.de,178,0.0,0.0,0.0,0.0
2025-03-07T00:29:13.022888,ns1.opennameserver.org,204,0.7254901960784313,0.0,0.0,0.0
2025-03-07T00:29:13.022888,anycast.uncensoreddns.org,199,0.7236180904522613,0.0,0.0,0.0
2025-03-07T00:29:13.022888,ns3.opennameserver.org,201,0.7512437810945274,0.0,0.004975124378109453,0.0
2025-03-07T00:29:13.022888,renardbleu.dev,186,0.7258064516129032,0.0,0.005376344086021506,0.0
2025-03-07T00:29:13.022888,doh.seby.io,211,0.7203791469194313,0.061611374407582936,0.0,0.0
2025-03-07T00:29:13.022888,syd02.dnscry.pt,246,0.7235772357723578,0.0,0.0040650406504065045,0.0
2025-03-07T00:29:13.022888,syd01.dnscry.pt,200,0.735,0.0,0.0,0.0
2025-03-07T00:29:13.022888,doh.opendns.com,12,0.0,1.0,0.0,0.0
2025-03-07T00:29:13.022888,dns.google,186,0.7741935483870968,0.0,0.0,0.0
2025-03-07T00:29:13.022888,ns1.fi.dns.opennic.glue,12,0.0,1.0,0.0,0.0
2025-03-07T00:29:13.022888,dns.froth.zone,221,0.7013574660633484,0.0,0.0,0.0
2025-03-07T00:29:13.022888,tlv01.dnscry.pt,194,0.6804123711340206,0.0,0.0,0.0
2025-03-07T00:29:13.022888,dnspub.restena.lu,205,0.7219512195121951,0.0,0.0,0.0
2025-03-07T00:29:13.022888,www.morbitzer.de,8,0.0,1.0,0.0,0.0
2025-03-07T00:29:13.022888,dns.bitdefender.net,217,0.7050691244239631,0.0,0.0,0.0
2025-03-07T00:29:13.022888,doh.mullvad.net,224,0.7053571428571429,0.0,0.0,0.0
2025-03-07T00:29:13.022888,ns.opennameserver.org,217,0.543778801843318,0.0,0.2488479262672811,0.0
2025-03-07T00:29:13.022888,ns4.opennameserver.org,214,0.7102803738317757,0.0,0.0,0.0
2025-03-07T00:29:13.022888,doh.ffmuc.net,188,0.723404255319149,0.0,0.0,0.0
2025-03-07T00:29:13.022888,dns.quad9.net,197,0.7258883248730964,0.01015228426395939,0.0,0.0
2025-03-07T00:29:13.022888,ns2.opennameserver.org,207,0.714975845410628,0.0,0.0,0.0
2025-03-07T00:29:13.022888,doh.applied-privacy.net,211,0.7345971563981043,0.0,0.0,0.0
2025-03-07T00:29:13.022888,doh.kekew.info,194,0.7422680412371134,0.0,0.020618556701030927,0.0
2025-03-07T00:29:13.022888,doh.libredns.gr,206,0.7233009708737864,0.0,0.0048543689320388345,0.0
2025-03-07T00:29:13.022888,unicast.uncensoreddns.org,194,0.7010309278350515,0.0,0.005154639175257732,0.0
2025-03-07T00:29:13.022888,unfiltered.adguard-dns.com,212,0.7122641509433962,0.0,0.0,0.0
2025-03-07T00:29:13.022888,uncensored.dns.dnswarden.com,194,0.0,0.0,0.0,0.0
2025-03-07T00:29:13.022888,resolver.dnsprivacy.org.uk,198,0.6666666666666666,0.0,0.0,0.0
2025-03-07T00:29:13.022888,dns.switch.ch,188,0.8723404255319149,0.0,0.0,0.0
2025-03-07T00:29:13.022888,common.dot.dns.yandex.net,201,0.7164179104477612,0.0,0.009950248756218905,0.0
2025-03-07T00:29:13.022888,dns.rabbitdns.org,176,0.0,0.0,1.0,0.0
2025-03-07T00:29:13.022888,dns.pumplex.com,194,0.0,1.0,0.0,0.0
2025-03-07T00:29:13.022888,doh.qis.io,168,0.7380952380952381,0.0,0.0,0.0
2025-03-07T00:30:01.748926,vpsat.schmaller.de,9,0.0,1.0,0.0,0.0
2025-03-07T00:30:01.748926,doh.dns.sb,210,0.7285714285714285,0.0,0.0,0.0
2025-03-07T00:30:01.748926,opennic2.eth-services.de,181,0.0,0.0,0.0,0.0
2025-03-07T00:30:01.748926,ns1.opennameserver.org,205,0.7268292682926829,0.0,0.0,0.0
2025-03-07T00:30:01.748926,anycast.uncensoreddns.org,202,0.7227722772277227,0.0,0.0,0.0
2025-03-07T00:30:01.748926,ns3.opennameserver.org,203,0.7536945812807881,0.0,0.0049261083743842365,0.0
2025-03-07T00:30:01.748926,renardbleu.dev,187,0.7272727272727273,0.0,0.0053475935828877,0.0
2025-03-07T00:30:01.748926,doh.seby.io,214,0.719626168224299,0.06074766355140187,0.0,0.0
2025-03-07T00:30:01.748926,syd02.dnscry.pt,247,0.7246963562753036,0.0,0.004048582995951417,0.0
2025-03-07T00:30:01.748926,syd01.dnscry.pt,202,0.7326732673267327,0.0,0.0,0.0
2025-03-07T00:30:01.748926,doh.opendns.com,12,0.0,1.0,0.0,0.0
2025-03-07T00:30:01.748926,dns.google,187,0.7754010695187166,0.0,0.0,0.0
2025-03-07T00:30:01.748926,ns1.fi.dns.opennic.glue,12,0.0,1.0,0.0,0.0
2025-03-07T00:30:01.748926,dns.froth.zone,222,0.7027027027027027,0.0,0.0,0.0
2025-03-07T00:30:01.748926,tlv01.dnscry.pt,196,0.6836734693877551,0.0,0.0,0.0
2025-03-07T00:30:01.748926,dnspub.restena.lu,205,0.7219512195121951,0.0,0.0,0.0
2025-03-07T00:30:01.748926,www.morbitzer.de,8,0.0,1.0,0.0,0.0
2025-03-07T00:30:01.748926,dns.bitdefender.net,220,0.7090909090909091,0.0,0.0,0.0
2025-03-07T00:30:01.748926,doh.mullvad.net,225,0.7066666666666667,0.0,0.0,0.0
2025-03-07T00:30:01.748926,ns.opennameserver.org,221,0.5339366515837104,0.0,0.25339366515837103,0.0
2025-03-07T00:30:01.748926,ns4.opennameserver.org,215,0.7116279069767442,0.0,0.0,0.0
2025-03-07T00:30:01.748926,doh.ffmuc.net,188,0.723404255319149,0.0,0.0,0.0
2025-03-07T00:30:01.748926,dns.quad9.net,200,0.73,0.01,0.0,0.0
2025-03-07T00:30:01.748926,ns2.opennameserver.org,209,0.7177033492822966,0.0,0.0,0.0
2025-03-07T00:30:01.748926,doh.applied-privacy.net,212,0.7358490566037735,0.0,0.0,0.0
2025-03-07T00:30:01.748926,doh.kekew.info,196,0.7346938775510204,0.0,0.02040816326530612,0.0
2025-03-07T00:30:01.748926,doh.libredns.gr,207,0.7198067632850241,0.0,0.004830917874396135,0.0
2025-03-07T00:30:01.748926,unicast.uncensoreddns.org,197,0.7055837563451777,0.0,0.005076142131979695,0.0
2025-03-07T00:30:01.748926,unfiltered.adguard-dns.com,214,0.705607476635514,0.0,0.0,0.0
2025-03-07T00:30:01.748926,uncensored.dns.dnswarden.com,195,0.0,0.0,0.0,0.0
2025-03-07T00:30:01.748926,resolver.dnsprivacy.org.uk,200,0.665,0.0,0.0,0.0
2025-03-07T00:30:01.748926,dns.switch.ch,188,0.8723404255319149,0.0,0.0,0.0
2025-03-07T00:30:01.748926,common.dot.dns.yandex.net,204,0.7205882352941176,0.0,0.00980392156862745,0.0
2025-03-07T00:30:01.748926,dns.rabbitdns.org,178,0.0,0.0,1.0,0.0
2025-03-07T00:30:01.748926,dns.pumplex.com,195,0.0,1.0,0.0,0.0
2025-03-07T00:30:01.748926,doh.qis.io,168,0.7380952380952381,0.0,0.0,0.0
2025-03-07T00:54:28.905964,vpsat.schmaller.de,9,0.0,1.0,0.0,0.0
2025-03-07T00:54:28.905964,doh.dns.sb,216,0.7314814814814815,0.0,0.0,0.0
2025-03-07T00:54:28.905964,opennic2.eth-services.de,183,0.0,0.0,0.0,0.0
2025-03-07T00:54:28.905964,ns1.opennameserver.org,209,0.722488038277512,0.0,0.0,0.0
2025-03-07T00:54:28.905964,anycast.uncensoreddns.org,202,0.7227722772277227,0.0,0.0,0.0
2025-03-07T00:54:28.905964,ns3.opennameserver.org,205,0.751219512195122,0.0,0.004878048780487805,0.0
2025-03-07T00:54:28.905964,renardbleu.dev,191,0.7172774869109948,0.0,0.005235602094240838,0.0
2025-03-07T00:54:28.905964,doh.seby.io,216,0.7129629629629629,0.06018518518518518,0.0,0.0
2025-03-07T00:54:28.905964,syd02.dnscry.pt,253,0.7272727272727273,0.0,0.003952569169960474,0.0
2025-03-07T00:54:28.905964,syd01.dnscry.pt,205,0.7317073170731707,0.0,0.0,0.0
2025-03-07T00:54:28.905964,doh.opendns.com,12,0.0,1.0,0.0,0.0
2025-03-07T00:54:28.905964,dns.google,192,0.7708333333333334,0.0,0.0,0.0
2025-03-07T00:54:28.905964,ns1.fi.dns.opennic.glue,12,0.0,1.0,0.0,0.0
2025-03-07T00:54:28.905964,dns.froth.zone,229,0.7117903930131004,0.0,0.0,0.0
2025-03-07T00:54:28.905964,tlv01.dnscry.pt,197,0.6802030456852792,0.0,0.0,0.0
2025-03-07T00:54:28.905964,dnspub.restena.lu,213,0.7276995305164319,0.0,0.0,0.0
2025-03-07T00:54:28.905964,www.morbitzer.de,8,0.0,1.0,0.0,0.0
2025-03-07T00:54:28.905964,dns.bitdefender.net,224,0.7142857142857143,0.0,0.0,0.0
2025-03-07T00:54:28.905964,doh.mullvad.net,227,0.7092511013215859,0.0,0.0,0.0
2025-03-07T00:54:28.905964,ns.opennameserver.org,224,0.5357142857142857,0.0,0.25,0.0
2025-03-07T00:54:28.905964,ns4.opennameserver.org,217,0.7142857142857143,0.0,0.0,0.0
2025-03-07T00:54:28.905964,doh.ffmuc.net,191,0.7277486910994765,0.0,0.0,0.0
2025-03-07T00:54:28.905964,dns.quad9.net,202,0.7227722772277227,0.009900990099009901,0.0,0.0
2025-03-07T00:54:28.905964,ns2.opennameserver.org,215,0.7162790697674418,0.0,0.004651162790697674,0.0
2025-03-07T00:54:28.905964,doh.applied-privacy.net,215,0.7348837209302326,0.0,0.0,0.0
2025-03-07T00:54:28.905964,doh.kekew.info,198,0.7373737373737373,0.0,0.020202020202020204,0.0
2025-03-07T00:54:28.905964,doh.libredns.gr,208,0.7163461538461539,0.0,0.004807692307692308,0.0
2025-03-07T00:54:28.905964,unicast.uncensoreddns.org,202,0.7079207920792079,0.0,0.0049504950495049506,0.0
2025-03-07T00:54:28.905964,unfiltered.adguard-dns.com,218,0.7018348623853211,0.0,0.0,0.0
2025-03-07T00:54:28.905964,uncensored.dns.dnswarden.com,198,0.0,0.0,0.0,0.0
2025-03-07T00:54:28.905964,resolver.dnsprivacy.org.uk,201,0.6616915422885572,0.0,0.0,0.0
2025-03-07T00:54:28.905964,dns.switch.ch,193,0.8704663212435233,0.0,0.0051813471502590676,0.0
2025-03-07T00:54:28.905964,common.dot.dns.yandex.net,206,0.7135922330097088,0.0,0.009708737864077669,0.0
2025-03-07T00:54:28.905964,dns.rabbitdns.org,183,0.0,0.0,1.0,0.0
2025-03-07T00:54:28.905964,dns.pumplex.com,197,0.0,1.0,0.0,0.0
2025-03-07T00:54:28.905964,doh.qis.io,172,0.7441860465116279,0.0,0.0,0.0
2025-03-07T01:12:09.656930,vpsat.schmaller.de,9,0.0,1.0,0.0,0.0
2025-03-07T01:12:09.656930,doh.dns.sb,217,0.7327188940092166,0.0,0.0,0.0
2025-03-07T01:12:09.656930,opennic2.eth-services.de,185,0.0,0.0,0.0,0.0
2025-03-07T01:12:09.656930,ns1.opennameserver.org,210,0.7238095238095238,0.0,0.0,0.0
2025-03-07T01:12:09.656930,anycast.uncensoreddns.org,204,0.7205882352941176,0.0,0.0,0.0
2025-03-07T01:12:09.656930,ns3.opennameserver.org,209,0.7559808612440191,0.0,0.004784688995215311,0.0
2025-03-07T01:12:09.656930,renardbleu.dev,196,0.7142857142857143,0.0,0.00510204081632653,0.0
2025-03-07T01:12:09.656930,doh.seby.io,222,0.7072072072072072,0.05855855855855856,0.0,0.0
2025-03-07T01:12:09.656930,syd02.dnscry.pt,257,0.7276264591439688,0.0,0.0038910505836575876,0.0
2025-03-07T01:12:09.656930,syd01.dnscry.pt,207,0.7246376811594203,0.0,0.004830917874396135,0.0
2025-03-07T01:12:09.656930,doh.opendns.com,12,0.0,1.0,0.0,0.0
2025-03-07T01:12:09.656930,dns.google,197,0.7715736040609137,0.0,0.0,0.0
2025-03-07T01:12:09.656930,ns1.fi.dns.opennic.glue,12,0.0,1.0,0.0,0.0
2025-03-07T01:12:09.656930,dns.froth.zone,231,0.7142857142857143,0.0,0.0,0.0
2025-03-07T01:12:09.656930,tlv01.dnscry.pt,203,0.6798029556650246,0.0,0.0,0.0
2025-03-07T01:12:09.656930,dnspub.restena.lu,218,0.7201834862385321,0.0,0.0,0.0
2025-03-07T01:12:09.656930,www.morbitzer.de,8,0.0,1.0,0.0,0.0
2025-03-07T01:12:09.656930,dns.bitdefender.net,227,0.7180616740088106,0.0,0.0,0.0
2025-03-07T01:12:09.656930,doh.mullvad.net,232,0.7112068965517241,0.0,0.0,0.0
2025-03-07T01:12:09.656930,ns.opennameserver.org,227,0.5374449339207048,0.0,0.2511013215859031,0.0
2025-03-07T01:12:09.656930,ns4.opennameserver.org,218,0.7110091743119266,0.0,0.0,0.0
2025-03-07T01:12:09.656930,doh.ffmuc.net,192,0.7291666666666666,0.0,0.0,0.0
2025-03-07T01:12:09.656930,dns.quad9.net,208,0.7163461538461539,0.014423076923076924,0.0,0.0
2025-03-07T01:12:09.656930,ns2.opennameserver.org,219,0.7214611872146118,0.0,0.0045662100456621,0.0
2025-03-07T01:12:09.656930,doh.applied-privacy.net,218,0.7385321100917431,0.0,0.0,0.0
2025-03-07T01:12:09.656930,doh.kekew.info,200,0.74,0.0,0.02,0.0
2025-03-07T01:12:09.656930,doh.libredns.gr,210,0.719047619047619,0.0,0.004761904761904762,0.0
2025-03-07T01:12:09.656930,unicast.uncensoreddns.org,204,0.7107843137254902,0.0,0.004901960784313725,0.0
2025-03-07T01:12:09.656930,unfiltered.adguard-dns.com,220,0.7045454545454546,0.0,0.0,0.0
2025-03-07T01:12:09.656930,uncensored.dns.dnswarden.com,205,0.0,0.0,0.0,0.0
2025-03-07T01:12:09.656930,resolver.dnsprivacy.org.uk,206,0.6456310679611651,0.0,0.0048543689320388345,0.0
2025-03-07T01:12:09.656930,dns.switch.ch,198,0.8636363636363636,0.0,0.005050505050505051,0.0
2025-03-07T01:12:09.656930,common.dot.dns.yandex.net,210,0.719047619047619,0.0,0.009523809523809525,0.0
2025-03-07T01:12:09.656930,dns.rabbitdns.org,185,0.0,0.0,1.0,0.0
2025-03-07T01:12:09.656930,dns.pumplex.com,199,0.0,1.0,0.0,0.0
2025-03-07T01:12:09.656930,doh.qis.io,175,0.7485714285714286,0.0,0.0,0.0
2025-03-07T01:28:19.224434,vpsat.schmaller.de,9,0.0,1.0,0.0,0.0
2025-03-07T01:28:19.224434,doh.dns.sb,283,0.7561837455830389,0.0,0.0,0.0
2025-03-07T01:28:19.224434,opennic2.eth-services.de,252,0.0,0.0,0.0,0.0
2025-03-07T01:28:19.224434,ns1.opennameserver.org,275,0.7563636363636363,0.0,0.0,0.0
2025-03-07T01:28:19.224434,anycast.uncensoreddns.org,266,0.7443609022556391,0.0,0.0,0.0
2025-03-07T01:28:19.224434,ns3.opennameserver.org,272,0.7720588235294118,0.0,0.003676470588235294,0.0
2025-03-07T01:28:19.224434,renardbleu.dev,252,0.75,0.0,0.003968253968253968,0.0
2025-03-07T01:28:19.224434,doh.seby.io,301,0.7109634551495017,0.06976744186046512,0.0,0.0
2025-03-07T01:28:19.224434,syd02.dnscry.pt,316,0.7246835443037974,0.0,0.006329113924050633,0.0
2025-03-07T01:28:19.224434,syd01.dnscry.pt,280,0.7535714285714286,0.0,0.010714285714285714,0.0
2025-03-07T01:28:19.224434,doh.opendns.com,12,0.0,1.0,0.0,0.0
2025-03-07T01:28:19.224434,dns.google,253,0.7747035573122529,0.0,0.0,0.0
2025-03-07T01:28:19.224434,ns1.fi.dns.opennic.glue,12,0.0,1.0,0.0,0.0
2025-03-07T01:28:19.224434,dns.froth.zone,290,0.7448275862068966,0.0,0.0,0.0
2025-03-07T01:28:19.224434,tlv01.dnscry.pt,258,0.7170542635658915,0.0,0.0,0.0
2025-03-07T01:28:19.224434,dnspub.restena.lu,279,0.7383512544802867,0.0035842293906810036,0.0,0.0
2025-03-07T01:28:19.224434,www.morbitzer.de,8,0.0,1.0,0.0,0.0
2025-03-07T01:28:19.224434,dns.bitdefender.net,279,0.7240143369175627,0.0,0.0,0.0
2025-03-07T01:28:19.224434,doh.mullvad.net,298,0.7348993288590604,0.0,0.0,0.0
2025-03-07T01:28:19.224434,ns.opennameserver.org,289,0.5605536332179931,0.0,0.24567474048442905,0.0
2025-03-07T01:28:19.224434,ns4.opennameserver.org,281,0.7402135231316725,0.0,0.0,0.0
2025-03-07T01:28:19.224434,doh.ffmuc.net,248,0.7580645161290323,0.0,0.0,0.0
2025-03-07T01:28:19.224434,dns.quad9.net,259,0.7374517374517374,0.015444015444015444,0.0,0.0
2025-03-07T01:28:19.224434,ns2.opennameserver.org,265,0.7547169811320755,0.0,0.0037735849056603774,0.0
2025-03-07T01:28:19.224434,doh.applied-privacy.net,278,0.7733812949640287,0.0,0.0,0.0
2025-03-07T01:28:19.224434,doh.kekew.info,275,0.7781818181818182,0.0,0.01818181818181818,0.0
2025-03-07T01:28:19.224434,doh.libredns.gr,273,0.7472527472527473,0.0,0.003663003663003663,0.0
2025-03-07T01:28:19.224434,unicast.uncensoreddns.org,265,0.7433962264150943,0.0,0.0037735849056603774,0.0
2025-03-07T01:28:19.224434,unfiltered.adguard-dns.com,270,0.7444444444444445,0.0,0.0,0.0
2025-03-07T01:28:19.224434,uncensored.dns.dnswarden.com,264,0.0,0.0,0.0,0.0
2025-03-07T01:28:19.224434,resolver.dnsprivacy.org.uk,265,0.6566037735849056,0.0,0.0037735849056603774,0.0
2025-03-07T01:28:19.224434,dns.switch.ch,258,0.8604651162790697,0.0,0.007751937984496124,0.0
2025-03-07T01:28:19.224434,common.dot.dns.yandex.net,276,0.7391304347826086,0.0,0.010869565217391304,0.0
2025-03-07T01:28:19.224434,dns.rabbitdns.org,239,0.0,0.0,1.0,0.0
2025-03-07T01:28:19.224434,dns.pumplex.com,249,0.0,1.0,0.0,0.0
2025-03-07T01:28:19.224434,doh.qis.io,228,0.7456140350877193,0.0,0.0,0.0
2025-03-07T02:32:20.874084,vpsat.schmaller.de,9,0.0,1.0,0.0,0.0
2025-03-07T02:32:20.874084,doh.dns.sb,372,0.706989247311828,0.0,0.0,0.0
2025-03-07T02:32:20.874084,opennic2.eth-services.de,302,0.0,0.16556291390728478,0.0,0.0
2025-03-07T02:32:20.874084,ns1.opennameserver.org,315,0.6603174603174603,0.12698412698412698,0.0,0.0
2025-03-07T02:32:20.874084,anycast.uncensoreddns.org,308,0.6428571428571429,0.13636363636363635,0.0,0.0
2025-03-07T02:32:20.874084,ns3.opennameserver.org,306,0.6862745098039216,0.1111111111111111,0.0032679738562091504,0.0
2025-03-07T02:32:20.874084,renardbleu.dev,292,0.6472602739726028,0.136986301369863,0.003424657534246575,0.0
2025-03-07T02:32:20.874084,doh.seby.io,370,0.6945945945945946,0.07297297297297298,0.0,0.0
2025-03-07T02:32:20.874084,syd02.dnscry.pt,359,0.637883008356546,0.11977715877437325,0.005571030640668524,0.0
2025-03-07T02:32:20.874084,syd01.dnscry.pt,324,0.6512345679012346,0.13580246913580246,0.009259259259259259,0.0
2025-03-07T02:32:20.874084,doh.opendns.com,12,0.0,1.0,0.0,0.0
2025-03-07T02:32:20.874084,dns.google,299,0.6555183946488294,0.15384615384615385,0.0,0.0
2025-03-07T02:32:20.874084,ns1.fi.dns.opennic.glue,12,0.0,1.0,0.0,0.0
2025-03-07T02:32:20.874084,dns.froth.zone,338,0.6390532544378699,0.14201183431952663,0.0,0.0
2025-03-07T02:32:20.874084,tlv01.dnscry.pt,315,0.5873015873015873,0.18095238095238095,0.0,0.0
2025-03-07T02:32:20.874084,dnspub.restena.lu,335,0.6149253731343284,0.1701492537313433,0.0,0.0
2025-03-07T02:32:20.874084,www.morbitzer.de,8,0.0,1.0,0.0,0.0
2025-03-07T02:32:20.874084,dns.bitdefender.net,326,0.6196319018404908,0.1441717791411043,0.0,0.0
2025-03-07T02:32:20.874084,doh.mullvad.net,380,0.7,0.0,0.0,0.0
2025-03-07T02:32:20.874084,ns.opennameserver.org,334,0.48502994011976047,0.1347305389221557,0.2125748502994012,0.0
2025-03-07T02:32:20.874084,ns4.opennameserver.org,323,0.6439628482972136,0.13003095975232198,0.0,0.0
2025-03-07T02:32:20.874084,doh.ffmuc.net,335,0.7164179104477612,0.0,0.0,0.0
2025-03-07T02:32:20.874084,dns.quad9.net,314,0.60828025477707,0.18789808917197454,0.0,0.0
2025-03-07T02:32:20.874084,ns2.opennameserver.org,308,0.6493506493506493,0.1396103896103896,0.003246753246753247,0.0
2025-03-07T02:32:20.874084,doh.applied-privacy.net,354,0.7175141242937854,0.0,0.002824858757062147,0.0
2025-03-07T02:32:20.874084,doh.kekew.info,386,0.6839378238341969,0.0,0.015544041450777202,0.0
2025-03-07T02:32:20.874084,doh.libredns.gr,362,0.6574585635359116,0.0,0.0027624309392265192,0.0
2025-03-07T02:32:20.874084,unicast.uncensoreddns.org,317,0.6214511041009464,0.1640378548895899,0.0031545741324921135,0.0
2025-03-07T02:32:20.874084,unfiltered.adguard-dns.com,309,0.6504854368932039,0.1262135922330097,0.0,0.0
2025-03-07T02:32:20.874084,uncensored.dns.dnswarden.com,315,0.0,0.1619047619047619,0.0,0.0
2025-03-07T02:32:20.874084,resolver.dnsprivacy.org.uk,311,0.5594855305466238,0.14790996784565916,0.003215434083601286,0.0
2025-03-07T02:32:20.874084,dns.switch.ch,305,0.7278688524590164,0.1540983606557377,0.006557377049180328,0.0
2025-03-07T02:32:20.874084,common.dot.dns.yandex.net,314,0.6496815286624203,0.12101910828025478,0.009554140127388535,0.0
2025-03-07T02:32:20.874084,dns.rabbitdns.org,294,0.0,0.1870748299319728,0.8129251700680272,0.0
2025-03-07T02:32:20.874084,dns.pumplex.com,308,0.0,1.0,0.0,0.0
2025-03-07T02:32:20.874084,doh.qis.io,353,0.6090651558073654,0.0,0.0,0.0
2025-03-07T04:00:38.291293,vpsat.schmaller.de,9,0.0,1.0,0.0,0.0
2025-03-07T04:00:38.291293,doh.dns.sb,2345,0.55863539445629,0.0,0.00042643923240938164,0.0
2025-03-07T04:00:38.291293,opennic2.eth-services.de,1528,0.0,0.8350785340314136,0.0,0.0
2025-03-07T04:00:38.291293,ns1.opennameserver.org,1551,0.134107027724049,0.8226950354609929,0.0,0.0
2025-03-07T04:00:38.291293,anycast.uncensoreddns.org,1558,0.12708600770218229,0.8292682926829268,0.0,0.0
2025-03-07T04:00:38.291293,ns3.opennameserver.org,1527,0.137524557956778,0.8218729535036018,0.0006548788474132286,0.0
2025-03-07T04:00:38.291293,renardbleu.dev,1548,0.12209302325581395,0.8372093023255814,0.0006459948320413437,0.0
2025-03-07T04:00:38.291293,doh.seby.io,2272,0.5717429577464789,0.04665492957746479,0.0,0.0
2025-03-07T04:00:38.291293,syd02.dnscry.pt,1562,0.146606914212548,0.7976952624839949,0.0012804097311139564,0.0
2025-03-07T04:00:38.291293,syd01.dnscry.pt,1524,0.1384514435695538,0.8162729658792651,0.001968503937007874,0.0
2025-03-07T04:00:38.291293,doh.opendns.com,12,0.0,1.0,0.0,0.0
2025-03-07T04:00:38.291293,dns.google,1529,0.12818835840418574,0.8345323741007195,0.0,0.0
2025-03-07T04:00:38.291293,ns1.fi.dns.opennic.glue,12,0.0,1.0,0.0,0.0
2025-03-07T04:00:38.291293,dns.froth.zone,1548,0.13953488372093023,0.8126614987080103,0.0,0.0
2025-03-07T04:00:38.291293,tlv01.dnscry.pt,1556,0.11889460154241645,0.8341902313624678,0.0,0.0
2025-03-07T04:00:38.291293,dnspub.restena.lu,1591,0.12947831552482716,0.825267127592709,0.0,0.0
2025-03-07T04:00:38.291293,www.morbitzer.de,8,0.0,1.0,0.0,0.0
2025-03-07T04:00:38.291293,dns.bitdefender.net,1488,0.135752688172043,0.8125,0.0,0.0
2025-03-07T04:00:38.291293,doh.mullvad.net,2485,0.5388329979879276,0.0,0.0012072434607645875,0.0
2025-03-07T04:00:38.291293,ns.opennameserver.org,1511,0.10721376571806751,0.8087359364659166,0.04698874917273329,0.0
2025-03-07T04:00:38.291293,ns4.opennameserver.org,1623,0.1281577325939618,0.8268638324091189,0.0,0.0
2025-03-07T04:00:38.291293,doh.ffmuc.net,2405,0.5293139293139293,0.0,0.0004158004158004158,0.0
2025-03-07T04:00:38.291293,dns.quad9.net,1507,0.1267418712674187,0.8307896483078965,0.0,0.0
2025-03-07T04:00:38.291293,ns2.opennameserver.org,1528,0.13089005235602094,0.8265706806282722,0.0006544502617801048,0.0
2025-03-07T04:00:38.291293,doh.applied-privacy.net,2247,0.579884290164664,0.0004450378282153983,0.0013351134846461949,0.0
2025-03-07T04:00:38.291293,doh.kekew.info,2399,0.5648186744476865,0.0,0.005002084201750729,0.0
2025-03-07T04:00:38.291293,doh.libredns.gr,2478,0.5282485875706214,0.0,0.0004035512510088781,0.0
2025-03-07T04:00:38.291293,unicast.uncensoreddns.org,1578,0.12484157160963244,0.8320659062103929,0.0006337135614702154,0.0
2025-03-07T04:00:38.291293,unfiltered.adguard-dns.com,1567,0.12827058072750477,0.8276962348436503,0.0,0.0
2025-03-07T04:00:38.291293,uncensored.dns.dnswarden.com,1493,0.0,0.8231748158070998,0.0,0.0
2025-03-07T04:00:38.291293,resolver.dnsprivacy.org.uk,1494,0.11646586345381527,0.822623828647925,0.0006693440428380187,0.0
2025-03-07T04:00:38.291293,dns.switch.ch,1548,0.1434108527131783,0.8333333333333334,0.0012919896640826874,0.0
2025-03-07T04:00:38.291293,common.dot.dns.yandex.net,1503,0.13572854291417166,0.8163672654690619,0.001996007984031936,0.0
2025-03-07T04:00:38.291293,dns.rabbitdns.org,1479,0.0,0.8384043272481406,0.16159567275185938,0.0
2025-03-07T04:00:38.291293,dns.pumplex.com,1567,0.0,1.0,0.0,0.0
2025-03-07T04:00:38.291293,doh.qis.io,2384,0.550755033557047,0.0,0.0008389261744966443,0.0
